operator_name,parent_company
Brookfield Renewable Trading and Marketing LP,Brookfield Renewable Trading and Marketing LP
San Gorgonio Farms Inc,San Gorgonio Farms Inc
Terra-Gen Operating Co-Wind,Terra-Gen Operating Co-Wind
Allete Clean Energy,Allete Clean Energy
Pattern Operators LP,Pattern Operators LP
AE Power Services LLC,AE Power Services LLC
Eurus Combine Hills I LLC,Eurus Combine Hills I LLC
Shell Wind Energy Inc.,Shell Wind Energy Inc.
GlidePath Power Operations LLC,GlidePath Power Operations LLC
Kotzebue Electric Assn Inc,Kotzebue Electric Assn Inc
AES Wind Generation Inc,AES
Avangrid Renewables LLC,Avangrid Renewables LLC
Sherbino II Wind Farm LLC,Sherbino II Wind Farm LLC
Meadow Lake Wind Farm LLC,Meadow Lake Wind Farm LLC
Oak Creek Energy System Inc II,Oak Creek Energy System Inc II
Pleasant Hill Wind Energy LLC,Pleasant Hill Wind Energy LLC
Green Mountain Power Corp,Green Mountain Power Corp
"Alaska Village Elec Coop, Inc","Alaska Village Elec Coop, Inc"
Madison Gas & Electric Co,Madison
FPL Energy Green Power,FPL Energy
"FPLE High Winds, LLC","FPLE High Winds, LLC"
GL Wind LLC,GL Wind LLC
"Marshall Wind Farm, LLC","Marshall Wind Farm, LLC"
NRG Energy Gas & Wind Holdings Inc,NRG
"Grant County Wind, LLC","Grant County Wind, LLC"
RWE Renewables Americas LLC,RWE Renewables Americas LLC
"EDF Renewable Asset Holdings, Inc.",EDF Renewable
"Whitetail Wind Energy, LLC","Whitetail Wind Energy, LLC"
Town of Princeton - (MA),Town of Princeton - (MA)
Harbec Energy,Harbec Energy
EDF Renewable Services Inc,EDF Renewable
Orion Energy Group LLC,Orion Energy Group LLC
Steele Flats Wind Project LLC,Steele Flats Wind Project LLC
Cirrus Wind 1 LLC,Cirrus Wind 1 LLC
Algonquin Power Co,Algonquin Power Co
Performance Services,Performance Services
NextEra Energy Operating Services LLC,NextEra
Northern States Power Co - Minnesota,Northern States Power Co - Minnesota
"Flat Rock Windpower, LLC","Flat Rock Windpower, LLC"
"Leeward Asset Management, LLC","Leeward Asset Management, LLC"
ESI Vansycle Partners LP,ESI Vansycle Partners LP
City of Moorhead - (MN),City of Moorhead - (MN)
Longroad Energy Services LLC,Longroad Energy Services LLC
CHI Energy Inc,CHI
CHI Operations Inc,CHI
Black Hills Electric Generation LLC,Black Hills
Gray County Wind Energy LLC,Gray County Wind Energy LLC
Kas Brothers Windfarm LLC,Kas Brothers Windfarm LLC
RENEW Energy Inc,RENEW Energy Inc
Garwin McNeilus,Garwin McNeilus
FPL Energy Vansycle LLC,FPL Energy
Energy Northwest,Energy Northwest
Westridge Windfarm LLC,Westridge Windfarm LLC
"Community Renewables, LLC","Community Renewables, LLC"
City of Worthington - (MN),City of Worthington - (MN)
Midwest Power Partners LLC,Midwest Power Partners LLC
Llano Estacado Wind Ranch,Llano Estacado Wind Ranch
Texico Wind LP,Texico Wind LP
Sacramento Municipal Util Dist,Sacramento Municipal Util Dist
City of Lenox - (IA),City of Lenox - (IA)
FPL Energy South Dakota Wind LLC,FPL Energy
FPL Energy North Dakota Wind LLC,FPL Energy
Southern Minnesota Mun P Agny,Southern Minnesota Mun P Agny
Consolidated Edison Development Inc.,Consolidated Edison
Carleton College,Carleton College
"American Mun Power-Ohio, Inc","American Mun Power-Ohio, Inc"
City of Lamar - (CO),City of Lamar - (CO)
Invenergy Services LLC,Invenergy Services LLC
Aeolus Wind LLC,Aeolus Wind LLC
Blue Canyon Windpower LLC,Blue Canyon Windpower LLC
Iowa Lakes Community College,Iowa Lakes
MidAmerican Energy Co,MidAmerican Energy Co
"Rock County Energy Center, LLC",Rock County
Hull Municipal Light Plant,Hull Municipal Light Plant
Greenbacker Renewable Energy Corporation,Greenbacker Renewable Energy Corporation
Puget Sound Energy Inc,Puget Sound Energy Inc
Cycle Power Partners,Cycle Power Partners
"FPL Energy Weatherford, LLC",FPL Energy
Blue Canyon Windpower II LLC,Blue Canyon Windpower II LLC
"Evergreen Wind, LLC","Evergreen Wind, LLC"
City of Stuart - (IA),City of Stuart - (IA)
Nebraska Public Power District,Nebraska Public Power District
Acciona Wind Energy USA LLC,Acciona
Eastridge Wind Project,Eastridge Wind Project
Moore 1,Moore 1
FPL Energy Burleigh County Wind LLC,FPL Energy
Wisconsin Public Service Corp,Wisconsin Public Service Corp
Massachusetts Wtr Rauth-Deer I,Massachusetts
Snyder Wind Farm LLC,Snyder Wind Farm LLC
Mesquite Wind LLC,Mesquite
NedPower Mt Storm LLC,NedPower Mt Storm LLC
"Valcour Operating Services, LLC","Valcour Operating Services, LLC"
Longroad Energy Services 2,Longroad Energy Services 2
Duke Energy DEGS North Allegheny,Duke Energy
Old Trail Wind Farm LLC,Old Trail Wind Farm LLC
FPL Energy Oliver County Wind,FPL Energy
High Trail Wind Farm LLC,High Trail Wind Farm LLC
FPL Energy Mower County LLC,FPL Energy
Ewington Wind Project,Ewington Wind Project
Wisconsin Power & Light Co,Wisconsin Power & Light Co
"Harvest Windfarm, LLC",Harvest
Basin Electric Power Coop,Basin Electric Power Coop
White Creek Wind 1 LLC,White Creek Wind 1 LLC
PacifiCorp,PacifiCorp
FPL Peetz Table Wind Energy,FPL Peetz Table Wind Energy
Telocaset Wind Power Partners,Telocaset Wind Power Partners
"Threemile Canyon Wind I, LLC","Threemile Canyon Wind I, LLC"
Whirlwind Energy LLC,Whirlwind Energy LLC
Oklahoma Gas & Electric Co,Oklahoma Gas & Electric Co
High Plains Wind Power LLC,High Plains Wind Power LLC
"PYCO Industries, Inc.","PYCO Industries, Inc."
Duke Energy DEGS Ocotillo,Duke Energy
Apollo Energy Corp,Apollo Energy Corp
CalWind Resources Inc,CalWind Resources Inc
Kodiak Electric Assn Inc,Kodiak Electric Assn Inc
"Evergy Kansas Central, Inc",Evergy
Smoky Hills Wind Farm I LLC,Smoky Hills Wind Farm I LLC
Evergy Metro,Evergy
"Cloud County Windfarm, LLC","Cloud County Windfarm, LLC"
Smoky Hills Wind Project II LLC,Smoky Hills Wind Project II LLC
Madison Windpower LLC,Madison
High Prairie Wind Farm II LLC,High Prairie Wind Farm II LLC
FPL Energy Oliver County Wind II LLC,FPL Energy
FPC Services Inc.,FPC Services Inc.
"AgriWind Project, LLC","AgriWind Project, LLC"
Otter Tail Power Co,Otter Tail Power Co
Butler Ridge Wind Energy Center,Butler Ridge Wind Energy Center
Logan Wind Energy LLC,Logan Wind Energy LLC
Montana-Dakota Utilities Co,Montana-Dakota Utilities Co
Bennett Creek Windfarm LLC,Bennett Creek Windfarm LLC
"Hot Springs Windfarm, LLC","Hot Springs Windfarm, LLC"
Portland General Electric Co,Portland General Electric Co
Arlington Wind Power Project LLC,Arlington Wind Power Project LLC
Wheat Field Wind Power Project LLC,Wheat Field Wind Power Project LLC
NextEra Energy Majestic Wind,NextEra
Sherbino Mesa I Windfarm LLC,Sherbino Mesa I Windfarm LLC
Bull Creek Wind LLC,Bull Creek Wind LLC
Silver Star I Power Partners LLC,Silver Star I Power Partners LLC
Hackberry Wind LLC,Hackberry Wind LLC
Mesalands Community College,Mesalands Community College
FPL Energy Crystal Lake Wind II LLC,FPL Energy
"Pioneer Prairie Wind Farm I, LLC","Pioneer Prairie Wind Farm I, LLC"
Waverly Municipal Elec Utility,Waverly Municipal Elec Utility
Exus North America Management Partners LLC,Exus North America Management Partners LLC
Rail Splitter Wind Farm LLC,Rail Splitter Wind Farm LLC
DTE Sustainable Generation,DTE
"Cassia Wind Farm, LLC",Cassia
"Cassia Gulch Wind Park, LLC",Cassia
NaturEner Glacier Wind Energy 1 LLC,NaturEner
NaturEner Glacier Wind Energy 2 LLC,NaturEner
Turlock Irrigation District,Turlock Irrigation District
Echo 1,Echo
Echo 3,Echo
NextEra Wolf Ridge LLC,NextEra
Great Plains Windpark Legacy LLC,Great Plains Windpark Legacy LLC
Duke Energy DEGS Notrees,Duke Energy
NRG Energy Inc,NRG
Los Angeles Department of Water & Power,Los Angeles Department of Water & Power
Iowa Lakes Electric Coop,Iowa Lakes
Notus Clean Energy LLC,Notus Clean Energy LLC
Blackstone Wind Farm LLC,Blackstone
"Michigan Wind 1, LLC",Michigan Wind
Massachusetts Mun Wholes Electric Co,Massachusetts
Interstate Power and Light Co,Interstate Power and Light Co
Diamond Shamrock Refining Company LP,Diamond Shamrock Refining Company LP
DeWind Co.,DeWind Co.
Langford Wind Power LLC,Langford Wind Power LLC
Windy Flats Partners LLC,Windy Flats Partners LLC
Coastal Community Action Program,Coastal Community Action Program
Duke Energy DEGS Happy Jack,Duke Energy
Duke Energy DEGS Silver Sage Wndpwr LLC,Duke Energy
Harbor Wind Tenant LLC,Harbor Wind Tenant LLC
Chevron USA,Chevron USA
Loraine Windpower Project,Loraine Windpower Project
Northern Colorado Wind LLC,Northern Colorado Wind LLC
"Red Marlin Wind Ventures, LLC","Red Marlin Wind Ventures, LLC"
NaturEner Rim Rock Energy LLC,NaturEner
PaTu Wind Farm LLC,PaTu Wind Farm LLC
Eurus Combine Hills II LLC,Eurus Combine Hills II LLC
Ashtabula Wind II LLC,Ashtabula Wind II LLC
Day County Wind LLC,Day County Wind LLC
First State Marine Wind,First State Marine Wind
FPL Energy Illinois Wind LLC,FPL Energy
Garden Wind LLC,Garden Wind LLC
FPL Energy Story Wind LLC,FPL Energy
Wisconsin Electric Power Co,Wisconsin Electric Power Co
"Greensburg Wind Farm, LLC","Greensburg Wind Farm, LLC"
Meadow Lake Wind Farm III LLC,Meadow Lake Wind Farm III LLC
Meadow Lake Wind Farm IV LLC,Meadow Lake Wind Farm IV LLC
Blackstone Wind Farm II LLC,Blackstone
Lost Lakes Wind Farm LLC,Lost Lakes Wind Farm LLC
Willmar Municipal Utilities,Willmar Municipal Utilities
Granite Reliable Power,Granite Reliable Power
Fox Island Wind LLC,Fox Island Wind LLC
"Helix Maine Wind Development, LLC","Helix Maine Wind Development, LLC"
White Oak Energy LLC,White Oak Energy LLC
Meadow Lake Wind Farm II LLC,Meadow Lake Wind Farm II LLC
City of Osage - (IA),City of Osage - (IA)
Loess Hills Wind Farm LLC,Loess Hills Wind Farm LLC
"Cow Branch Wind Power, LLC","Cow Branch Wind Power, LLC"
"CR Clearing, LLC","CR Clearing, LLC"
"Wind Capital Holdings, LLC","Wind Capital Holdings, LLC"
Oak Leaf Solar V LLC,Oak Leaf Solar V LLC
Crystal Lake 3 LLC,Crystal Lake 3 LLC
"ALLETE, Inc.","ALLETE, Inc."
Winona County Wind LLC,Winona County Wind LLC
Criterion Power Partners LLC,Criterion Power Partners LLC
Lincoln Electric Company,Lincoln Electric
Duke Energy DEGS Campbell Hill,Duke Energy
Harvest Wind Project TIC,Harvest
Duke Energy Top Of the World WindPower,Duke Energy
Kit Carson Windpower LLC,Kit Carson Windpower LLC
"Axium Arizona Renewables, LLC","Axium Arizona Renewables, LLC"
FPL Energy Stateline II Inc,FPL Energy
Nome Joint Utility Systems,Nome Joint Utility Systems
Blue Canyon Windpower V LLC,Blue Canyon Windpower V LLC
Elk City LLC,Elk City LLC
"Sagebrush Power Partners, LLC","Sagebrush Power Partners, LLC"
Alaska Environmental Power,Alaska Environmental Power
Unalakleet Valley Elec Coop,Unalakleet Valley Elec Coop
NRG Yield LLC,NRG
Pantex (NNSA),Pantex (NNSA)
"Vestas Towers America, Inc","Vestas Towers America, Inc"
Cedar Point LLC,Cedar Point LLC
Caithness Shepherds Flat LLC,Caithness Shepherds Flat LLC
Echo 2,Echo
Milford Wind Corridor Stage II LLC,Milford Wind Corridor Stage II LLC
Shirley Wind LLC,Shirley Wind LLC
"BEAM US, LLC","BEAM US, LLC"
Dept of Corrections NCCI Wind,Dept of Corrections NCCI Wind
Consumers Energy Co,Consumers Energy Co
EPP Renewable Energy,EPP Renewable Energy
Paulding Wind Farm II LLC,Paulding Wind Farm II LLC
Philips Lightolier,Philips Lightolier
"Bulldog Wind Energy, LLC","Bulldog Wind Energy, LLC"
Bluestem LLC,Bluestem LLC
"Marble River, LLC","Marble River, LLC"
Air Force Civil Engineer Center,Air Force Civil Engineer Center
Minnesota Municipal Power Agny,Minnesota Municipal Power Agny
Flat Water Wind Farm LLC,Flat Water Wind Farm LLC
Spruce Mountain Wind LLC,Spruce Mountain Wind LLC
Baldwin Wind LLC,Baldwin Wind LLC
"Wolverine Wind Energy, LLC","Wolverine Wind Energy, LLC"
Kirkwood Community College,Kirkwood Community College
Ashtabula Wind III LLC,Ashtabula Wind III LLC
Buffalo Center Wind LLC,Buffalo Center Wind LLC
"AEP Onsite Partners, LLC","AEP Onsite Partners, LLC"
Adams Electric Cooperative,Adams Electric Cooperative
Kingston Wind Independence,Kingston Wind Independence
"Norsemen Wind Energy, LLC","Norsemen Wind Energy, LLC"
Ridgewind Power Partners LLC,Ridgewind Power Partners LLC
"FPLE Wind, LLC","FPLE Wind, LLC"
CPV Keenan II Renewable Energy Co LLC,CPV Keenan II Renewable Energy Co LLC
Idaho Wind Partners 1 LLC,Idaho Wind Partners 1 LLC
Capital Power Corporation,Capital Power Corporation
Idaho Winds LLC,Idaho Winds LLC
Chisholm View Wind Project,Chisholm View Wind Project
Blue Canyon Windpower VI LLC,Blue Canyon Windpower VI LLC
Trinity Hills Wind Farm LLC,Trinity Hills Wind Farm LLC
"Golden Spread Electric Cooperative, Inc","Golden Spread Electric Cooperative, Inc"
Perrin Ranch Wind LLC,Perrin Ranch Wind LLC
FPL Energy Montezuma Wind,FPL Energy
Power County Wind Park North LLC,Power County Wind Park North LLC
"Vasco Winds, LLC","Vasco Winds, LLC"
Inland Empire Energy Ctr LLC,Inland Empire Energy Ctr LLC
Ralls Wind Farm LLC,Ralls Wind Farm LLC
Red Mesa Wind LLC,Red Mesa Wind LLC
Tuscola Bay Wind LLC,Tuscola Bay Wind LLC
"Michigan Wind 2, LLC",Michigan Wind
"Harvest II Windfarm, LLC",Harvest
Ironwood Windpower LLC,Ironwood Windpower LLC
Laurel Wind Energy LLC,Laurel Wind Energy LLC
Record Hill Wind LLC,Record Hill Wind LLC
"Cimarron Windpower II, LLC",Cimarron
Big Blue Wind Farm LLC (MN),Big Blue Wind Farm LLC (MN)
DTE Electric Company,DTE
Luther College Wind Energy Project LLC,Luther College Wind Energy Project LLC
Limon,Limon
MWRA Charlestown,MWRA Charlestown
"Enel Green Power NA, Inc.",Enel
Fairhaven Wind LLC,Fairhaven Wind LLC
"Shooting Star Power Partners, LLC","Shooting Star Power Partners, LLC"
"Bishop Hill Energy II, LLC","Bishop Hill Energy II, LLC"
TPW Petersburg LLC,TPW Petersburg LLC
NextEra Energy Resources Ensign Wind,NextEra
Junction Hilltop Management LLC,Junction Hilltop Management LLC
Lakeswind Power Partners,Lakeswind Power Partners
University of Minnesota Morris Campus,University of Minnesota Morris Campus
SunEdison LLC,SunEdison LLC
General Services Administration - Region 8,General Services Administration - Region 8
Cimarron Wind Energy LLC,Cimarron
"Acciona Energy USA Global, LLC",Acciona
Cooper Hatchery Inc.,Cooper Hatchery Inc.
Roth Rock Wind Farm LLC,Roth Rock Wind Farm LLC
Hamilton Wind Energy LLC,Hamilton Wind Energy LLC
Narragansett Bay Commission,Narragansett Bay Commission
Haviland Plastic Products Co,Haviland Plastic Products Co
"Los Vientos Wind 1A, LLC","Los Vientos Wind 1A, LLC"
"Los Vientos Wind 1B, LLC","Los Vientos Wind 1B, LLC"
"Foundation CA Fund V Manager, LLC","Foundation CA Fund V Manager, LLC"
Rocky Ridge Wind Project LLC,Rocky Ridge Wind Project LLC
"Black Hills Colorado Electric, LLC",Black Hills
Onward Energy,Onward Energy
"Pinyon Pines Wind I, LLC",Pinyon Pines
"NextEra Energy Montezuma Wind II, LLC",NextEra
"FPL Energy Operating Services, Inc.",FPL Energy
"High Mesa Energy, LLC","High Mesa Energy, LLC"
"Foundation HA Energy Generation, LLC","Foundation HA Energy Generation, LLC"
"Wildcat Wind, LLC","Wildcat Wind, LLC"
Foundation CA Fund VI Manager LLC,Foundation CA Fund VI Manager LLC
"Blackwell Wind, LLC","Blackwell Wind, LLC"
Power County Wind Park South LLC,Power County Wind Park South LLC
Ridgeline Energy LLC,Ridgeline Energy LLC
Golden Valley Elec Assn Inc,Golden Valley Elec Assn Inc
Gordon Butte Wind LLC,Gordon Butte Wind LLC
Auwahi Wind Energy LLC,Auwahi Wind Energy LLC
Suzlon Project VIII LLC,Suzlon Project VIII LLC
Utah Associated Mun Power Sys,Utah Associated Mun Power Sys
Caney River Wind Project,Caney River Wind Project
Scituate Wind LLC,Scituate Wind LLC
Deepwater Wind Block Island LLC,Deepwater Wind Block Island LLC
Cashton Greens Wind Farm LLC,Cashton Greens Wind Farm LLC
"Beebe Renewable Energy, LLC",Beebe
"Beebe 1B Renewable Energy, LLC",Beebe
"S.C. Johnson & Son, Inc.","S.C. Johnson & Son, Inc."
SRIV Partnership LLC,SRIV Partnership LLC
Buffalo Dunes Wind Project LLC,Buffalo Dunes Wind Project LLC
Zotos International,Zotos International
Pheasant Run Wind LLC,Pheasant Run Wind LLC
Equity Industrial Turbines,Equity Industrial Turbines
Fort Hays State University,Fort Hays State University
"Wiota Wind Energy, LLC #1","Wiota Wind Energy, LLC #1"
"Forward Fontanelle Power, LLC","Forward Fontanelle Power, LLC"
"Greenfield Wind Power, LLC","Greenfield Wind Power, LLC"
"Sky Volt, LLC","Sky Volt, LLC"
Camelot Wind LLC,Camelot Wind LLC
Heartland Community College,Heartland
Galactic Wind,Galactic Wind
Tuscola Wind II LLC,Tuscola Wind II LLC
"Meadow Ridge Wind Energy, LLC","Meadow Ridge Wind Energy, LLC"
Bayonne Energy Center LLC,Bayonne Energy Center LLC
North Sky River Energy LLC,North Sky River Energy LLC
Colorado Highlands Wind LLC,Colorado Highlands Wind LLC
Blue Summit Wind LLC,Blue Summit
Canadian Hills Wind LLC,Canadian Hills Wind LLC
Musselshell Wind Project LLC,Musselshell
Musselshell Wind Project Two LLC,Musselshell
Aegis Renewables LLC,Aegis Renewables LLC
Stephens Ranch Wind Energy LLC,Stephens Ranch Wind Energy LLC
Kawailoa Wind LLC,Kawailoa Wind LLC
NorthWestern Energy,NorthWestern Energy
BayWa r.e Wind LLC,BayWa r.e Wind LLC
"Pinyon Pines Wind II, LLC",Pinyon Pines
Gamesa Wind US LLC,Gamesa Wind US LLC
Fire Island Wind LLC,Fire Island Wind LLC
"Cumberland Rose Wind Energy, LLC","Cumberland Rose Wind Energy, LLC"
Headwaters Wind Farm LLC,Headwaters Wind Farm LLC
"OEE XVII, LLC",OEE
US Air Force,US Air Force
Consolidated Edison Solutions Inc,Consolidated Edison
NorthWestern Energy - (SD),NorthWestern Energy
Palo Duro Wind,Palo Duro Wind
Hidalgo Wind Farm LLC,Hidalgo Wind Farm LLC
"Mesquite Creek Wind, LLC",Mesquite
"Keechi Wind, LLC","Keechi Wind, LLC"
Balko Wind LLC,Balko Wind LLC
Kingfisher Wind LLC,Kingfisher Wind LLC
Mammoth Plains Wind Project,Mammoth Plains Wind Project
"Huerfano River Wind, LLC","Huerfano River Wind, LLC"
"Sustainable Power Group, LLC","Sustainable Power Group, LLC"
"Los Vientos Windpower III, LLC","Los Vientos Windpower III, LLC"
"Saddleback Ridge Wind, LLC","Saddleback Ridge Wind, LLC"
"Fourmile Wind Energy, LLC","Fourmile Wind Energy, LLC"
"Fair Wind Power Partners, LLC","Fair Wind Power Partners, LLC"
Wind Colebrook South,Wind Colebrook South
Hoopeston Wind LLC,Hoopeston Wind LLC
Southern Power Co,Southern Power Co
"WED Coventry Six, LLC","WED Coventry Six, LLC"
"WED Coventry Two, LLC","WED Coventry Two, LLC"
Tennessee Valley Authority,Tennessee Valley Authority
Beaver Ridge Wind LLC,Beaver Ridge Wind LLC
Waverly Wind Farm LLC,Waverly Wind Farm LLC
"Black Oak Wind, LLC","Black Oak Wind, LLC"
"WED Coventry Four, LLC","WED Coventry Four, LLC"
"New Creek Wind, LLC","New Creek Wind, LLC"
Paulding Wind Farm III LLC,Paulding Wind Farm III LLC
"Cedar Bluff Wind, LLC","Cedar Bluff Wind, LLC"
"WED Coventry One, LLC","WED Coventry One, LLC"
"WED Coventry Three, LLC","WED Coventry Three, LLC"
"Deerfield Wind Energy, LLC","Deerfield Wind Energy, LLC"
Jericho Power LLC,Jericho Power LLC
NextEra Energy Seiling Wind,NextEra
Astra Wind LLC,Astra Wind LLC
Rising Tree Wind Farm LLC,Rising Tree Wind Farm LLC
Willow Spring,Willow Spring
"Golden Hills Wind, LLC",Golden Hills
Rising Tree Wind Farm III LLC,Rising Tree Wind Farm III LLC
Arbuckle Mountain Wind Farm LLC,Arbuckle Mountain Wind Farm LLC
"Green Pastures Wind II, LLC",Green Pastures
"TX Jumbo Road Wind, LLC","TX Jumbo Road Wind, LLC"
"Los Vientos Windpower IV, LLC","Los Vientos Windpower IV, LLC"
Mariah Holdings II LLC c/o CAMS,Mariah Holdings II LLC c/o CAMS
"Green Pastures Wind I, LLC",Green Pastures
"Golden West Power Partners, LLC","Golden West Power Partners, LLC"
Cameron Wind 1 LLC,Cameron Wind 1 LLC
"Los Vientos Windpower V, LLC","Los Vientos Windpower V, LLC"
Capital Dynamics,Capital Dynamics
NextEra Energy Resources Breckinridge,NextEra
"OEE XIX, LLC",OEE
"BHE Renewables, LLC","BHE Renewables, LLC"
"Creston Ridge, LLC","Creston Ridge, LLC"
Findlay Wind Farm,Findlay Wind Farm
"Cimarron Bend Wind Project II, LLC",Cimarron
"Cimarron Bend Wind Project I, LLC",Cimarron
Ringer Hill Wind LLC,Ringer Hill Wind LLC
"Kingman Wind Energy, LLC","Kingman Wind Energy, LLC"
Ninnescah Wind Energy LLC,Ninnescah Wind Energy LLC
Jericho Rise Wind Farm LLC,Jericho Rise Wind Farm LLC
"Brady Wind, LLC","Brady Wind, LLC"
Osborn Wind Energy LLC,Osborn Wind Energy LLC
"Cotton Plains Wind I, LLC","Cotton Plains Wind I, LLC"
"Old Settler Wind, LLC","Old Settler Wind, LLC"
Rush Springs Wind Project,Rush Springs Wind Project
"Javelina Wind Energy, LLC","Javelina Wind Energy, LLC"
"Carousel Wind Farm, LLC","Carousel Wind Farm, LLC"
Red Horse 2,Red Horse 2
Shannon Wind LLC,Shannon Wind LLC
"Horse Creek Wind, LLC","Horse Creek Wind, LLC"
"Electra Wind, LLC","Electra Wind, LLC"
Benson Creek,Benson Creek
Jett Creek,Jett Creek
Prospector,Prospector
Durbin Creek,Durbin Creek
"Bluestem Wind Energy, LLC","Bluestem Wind Energy, LLC"
"Sendero Wind Energy, LLC","Sendero Wind Energy, LLC"
"Frontier Windpower, LLC","Frontier Windpower, LLC"
"Brady Wind II, LLC",Brady Wind
"South Fork Wind, LLC","South Fork Wind, LLC"
"CCC Hastings Renewable Energy, LLC","CCC Hastings Renewable Energy, LLC"
"Oliver Wind III, LLC","Oliver Wind III, LLC"
"Minco Wind IV, LLC","Minco Wind IV, LLC"
"Javelina Wind Energy II, LLC","Javelina Wind Energy II, LLC"
Chapman Ranch Wind LLC,Chapman Ranch Wind LLC
"August Wind Energy, LLC","August Wind Energy, LLC"
"Pisgah Mountain, LLC","Pisgah Mountain, LLC"
"WED Coventry Five, LLC","WED Coventry Five, LLC"
"Roseman Energy, LLC","Roseman Energy, LLC"
Birch Power LLC,Birch Power LLC
"FPL Energy Callahan Wind, LLC",FPL Energy
"Rocksprings Val Verde Wind, LLC","Rocksprings Val Verde Wind, LLC"
"Dermott Wind, LLC","Dermott Wind, LLC"
FPL Energy Red Canyon LLC,FPL Energy
Wintec Energy Ltd,Wintec Energy Ltd
Redbed Plains Wind Farm LLC,Redbed Plains Wind Farm LLC
AEM Wind LLC,AEM Wind LLC
Bay Windpower LLC,Bay Windpower LLC
"Creston Ridge II, LLC",Creston Ridge
"Willow Springs Windfarm, LLC","Willow Springs Windfarm, LLC"
Fluvanna Wind Energy LLC,Fluvanna Wind Energy LLC
"Buckthorn Wind Project, LLC","Buckthorn Wind Project, LLC"
Quilt Block Wind Farm LLC,Quilt Block Wind Farm LLC
FPL Energy Horse Hollow LLC,FPL Energy
"Bluff Point Wind, LLC","Bluff Point Wind, LLC"
"Foundation CA Fund VIII Manager, LLC","Foundation CA Fund VIII Manager, LLC"
City of Algona - (IA),City of Algona - (IA)
Brewster,Brewster
E&E Enterprises LLC,E&E Enterprises LLC
FPL Energy Oklahoma Wind LLC,FPL Energy
Illinois Rural Electric Coop,Illinois Rural Electric Coop
"Wind GEM, LLC","Wind GEM, LLC"
University of Minnesota WCROC,University of Minnesota WCROC
Shane's Wind Machine LLC,Shane's Wind Machine LLC
Lincoln Electric System,Lincoln Electric
Case Western Reserve University,Case Western Reserve University
New London Municipal Utilities,New London Municipal Utilities
City of Geneseo - (IL),City of Geneseo - (IL)
Lime Wind LLC,Lime Wind LLC
Hawkeye Power Partners LLC,Hawkeye Power Partners LLC
"Hilltop Power, LLC","Hilltop Power, LLC"
Canton Mountain Wind LLC,Canton Mountain Wind LLC
Town of Otis,Town of Otis
"Apple Blossom Wind, LLC","Apple Blossom Wind, LLC"
Regents of the University of Minnesota,Regents of the University of Minnesota
Arkwright Summit Wind Farm LLC,Arkwright Summit Wind Farm LLC
"Thunder Ranch Wind Project, LLC","Thunder Ranch Wind Project, LLC"
"Rattlesnake Power, LLC",Rattlesnake
"Flat Top Wind I, LLC","Flat Top Wind I, LLC"
"Red Dirt Wind Project, LLC","Red Dirt Wind Project, LLC"
Hog Creek Wind Project LLC,Hog Creek Wind Project LLC
Cottonwood Wind Project,Cottonwood Wind Project
"Golden Hills Interconnection Wind, LLC",Golden Hills
Capricorn Ridge Wind LLC,Capricorn Ridge Wind LLC
Town of Ipswich - (MA),Town of Ipswich - (MA)
Meadow Lake Wind Farm V LLC,Meadow Lake Wind Farm V LLC
"Bearkat Wind Energy 1, LLC","Bearkat Wind Energy 1, LLC"
"WED Portsmouth One, LLC","WED Portsmouth One, LLC"
OEE XXIV LLC,OEE
Public Service Co of Colorado,Public Service Co of Colorado
OEE XXIII LLC,OEE
"Green Energy Machine, LLC","Green Energy Machine, LLC"
"Persimmon Creek Wind Farm 1, LLC","Persimmon Creek Wind Farm 1, LLC"
Seward Wind LLC,Seward Wind LLC
"Rattlesnake Creek Wind Project, LLC",Rattlesnake
"Northwest Ohio Wind, LLC","Northwest Ohio Wind, LLC"
West Texas A&M University,West Texas A&M University
"Kimball Wind, LLC","Kimball Wind, LLC"
"Enel Green Power Diamond Vista Wind Project, LLC",Enel
Desert Sky Wind Farm LP,Desert Sky Wind Farm LP
Trent Wind Farm LP,Trent Wind Farm LP
FPL Energy Upton Wind LP,FPL Energy
"Tahoka Wind, LLC","Tahoka Wind, LLC"
"Perennial Wind, LLC","Perennial Wind, LLC"
"Casa Mesa Wind, LLC","Casa Mesa Wind, LLC"
OEE XXV LLC,OEE
FPL Energy New Mexico Wind LLC,FPL Energy
Meadow Lake Wind Farm VI LLC,Meadow Lake Wind Farm VI LLC
"Pratt Wind, LLC","Pratt Wind, LLC"
Hale Wind Energy,Hale Wind Energy
"Wildcat Ranch Wind Project, LLC","Wildcat Ranch Wind Project, LLC"
"Lorenzo Wind, LLC","Lorenzo Wind, LLC"
"Hilltopper Wind Project, LLC","Hilltopper Wind Project, LLC"
Turtle Creek Wind Farm LLC,Turtle Creek Wind Farm LLC
"Foxtail Wind, LLC","Foxtail Wind, LLC"
"Armadillo Flats Wind Project, LLC","Armadillo Flats Wind Project, LLC"
"Palmer's Creek Wind Farm, LLC","Palmer's Creek Wind Farm, LLC"
"Blue Summit II Wind, LLC",Blue Summit
OEE XXVI LLC,OEE
"Midway Wind, LLC","Midway Wind, LLC"
"Foundation CA Fund IX Manager, LLC","Foundation CA Fund IX Manager, LLC"
"Rio Bravo Windpower, LLC","Rio Bravo Windpower, LLC"
Engie North America,Engie North America
"Torrecillas Wind Energy, LLC","Torrecillas Wind Energy, LLC"
Antrim Wind Energy LLC,Antrim Wind Energy LLC
Prairie Queen Wind Farm LLC,Prairie Queen Wind Farm LLC
Big Level Wind LLC,Big Level Wind LLC
"Heartland Divide Wind Project, LLC",Heartland
"Sholes Wind Energy Center, LLC","Sholes Wind Energy Center, LLC"
"WED Shun III, LLC","WED Shun III, LLC"
"WED Shun II, LLC","WED Shun II, LLC"
"WED Shun I, LLC","WED Shun I, LLC"
"WED Plainfield III, LLC","WED Plainfield III, LLC"
"WED Green Hill, LLC","WED Green Hill, LLC"
"WED Plainfield, LLC","WED Plainfield, LLC"
"WED Plainfield II, LLC","WED Plainfield II, LLC"
Pecos Wind II LP,Pecos
Pecos Wind I LP,Pecos
NWP Indian Mesa Wind Farm LP,NWP Indian Mesa Wind Farm LP
FPL Energy Langdon Wind LLC,FPL Energy
Ranchero Wind Farm LLC,Ranchero Wind Farm LLC
OEE XXX LLC,OEE
"Lockett Windfarm, LLC","Lockett Windfarm, LLC"
Fluvanna Wind Energy 2 LLC,Fluvanna Wind Energy 2 LLC
"Foard City Wind, LLC","Foard City Wind, LLC"
"Emmons-Logan Wind, LLC","Emmons-Logan Wind, LLC"
"Green River Wind Farm Phase 1, LLC","Green River Wind Farm Phase 1, LLC"
"High Lonesome Wind Power, LLC","High Lonesome Wind Power, LLC"
"Crocker Wind Farm, LLC","Crocker Wind Farm, LLC"
FPL Energy Crystal Lake Wind LLC,FPL Energy
"Crowned Ridge Wind, LLC","Crowned Ridge Wind, LLC"
"White Cloud Wind Project, LLC","White Cloud Wind Project, LLC"
Mesteno Wind,Mesteno Wind
"Bronco Plains Wind, LLC","Bronco Plains Wind, LLC"
Willow Creek Wind Power LLC,Willow Creek Wind Power LLC
"Aurora Wind Project, LLC","Aurora Wind Project, LLC"
"Milligan 1 Wind, LLC","Milligan 1 Wind, LLC"
"Blazing Star Wind Farm, LLC","Blazing Star Wind Farm, LLC"
Lexington Chenoa Wind Farm LLC,Lexington Chenoa Wind Farm LLC
Whitney Hill Wind Power LLC,Whitney Hill Wind Power LLC
Mesquite Star LLC,Mesquite
Hidalgo Wind Farm II LLC,Hidalgo Wind Farm II LLC
Coyote Ridge LLC,Coyote Ridge LLC
"Clear Creek Wind, LLC","Clear Creek Wind, LLC"
AES Distributed Energy,AES
"FPL Energy Hancock County Wind, LLC",FPL Energy
OEE XXVIII LLC,OEE
"Sage Draw Wind, LLC","Sage Draw Wind, LLC"
"Blue Summit III Wind, LLC",Blue Summit
"Nobles 2 Power Partners, LLC","Nobles 2 Power Partners, LLC"
Harvest Ridge Wind Farm,Harvest
Paulding Wind Farm IV LLC,Paulding Wind Farm IV LLC
"Mountain Breeze Wind, LLC","Mountain Breeze Wind, LLC"
"Pegasus Wind, LLC","Pegasus Wind, LLC"
"Roundhouse Renewable Energy, LLC","Roundhouse Renewable Energy, LLC"
Na Pua Makani Power Partners LLC,Na Pua Makani Power Partners LLC
Scout Clean Energy LLC,Scout Clean Energy LLC
"Cedar Springs Wind III, LLC","Cedar Springs Wind III, LLC"
"Plum Creek Wind, LLC","Plum Creek Wind, LLC"
Union Electric Co - (MO),Union Electric Co - (MO)
"Wheatridge Wind Holdings, LLC","Wheatridge Wind Holdings, LLC"
Sugar Creek Wind One LLC,Sugar Creek Wind One LLC
"Cedar Springs Wind, LLC","Cedar Springs Wind, LLC"
Southwestern Public Service Co,Southwestern Public Service Co
"Bitter Ridge Wind Farm, LLC","Bitter Ridge Wind Farm, LLC"
"Ponderosa Wind, LLC","Ponderosa Wind, LLC"
"Jordan Creek Wind Farm, LLC","Jordan Creek Wind Farm, LLC"
Soldier Creek Wind LLC,Soldier Creek Wind LLC
Empire District Electric Co,Empire District Electric Co
"Rattlesnake Flat, LLC",Rattlesnake
Cerro Gordo Wind Farm,Cerro Gordo Wind Farm
Mohave County Wind Farm,Mohave County Wind Farm
"Rock County Wind Fuel, LLC",Rock County
Osceola Windpower LLC,Osceola
Osceola Windpower II,Osceola
FPL Energy Ashtabula Wind LLC,FPL Energy
Elbow Creek Wind Project LLC,Elbow Creek Wind Project LLC
Wilton Wind II LLC,Wilton Wind II LLC
Wessington Wind,Wessington Wind
Black Hills Service Company LLC,Black Hills
"Enel Kansas, LLC",Enel
Amadeus Wind LLC,Amadeus Wind LLC
Burke Wind LLC,Burke Wind LLC
Skeleton Creek Energy Center,Skeleton Creek Energy Center
Rosewater Wind Farm LLC,Rosewater Wind Farm LLC
